,indoor_t_c,outdoor_t_c,q_solar_w,q_conduct_w,q_vent_w,q_internal_w,q_net_w
2024-05-27 00:00:00+05:30,34.48254116108222,34.5,0.0,-331.67281842996454,0.2737196765529983,100.0,-231.39909875341155
2024-05-27 01:00:00+05:30,34.403073534723035,34.135,0.0,-360.59019959478707,-4.202856877387734,100.0,-264.7930564721748
2024-05-27 02:00:00+05:30,34.27101574288114,33.440000000000005,0.0,-418.57056961107946,-13.028664816890474,100.0,-331.5992344279699
2024-05-27 03:00:00+05:30,34.111631869196735,32.824999999999996,0.0,-463.43182896288,-20.17181444526639,100.0,-383.6036434081464
2024-05-27 04:00:00+05:30,33.931785310609364,32.305,0.0,-494.5308215076339,-25.50474009973357,100.0,-420.0355616073675
2024-05-27 05:00:00+05:30,33.754252335782105,32.485,77.5648457807034,-389.50291192689843,-19.899338120391803,100.0,-231.83740426658684
2024-05-27 06:00:00+05:30,33.75074760189659,34.11,372.0622601298525,43.896344733694946,5.632359097465226,100.0,521.5909639610127
2024-05-27 07:00:00+05:30,34.18704184400021,37.07,784.3873873397321,670.8458532862422,45.19901796976461,100.0,1600.432258595739
2024-05-27 08:00:00+05:30,35.08772545965036,39.945,1130.105056666767,1159.528815793091,76.15235024360169,100.0,2465.7862227034598
2024-05-27 09:00:00+05:30,36.30607923425075,41.855,1369.8076618309199,1398.6212086564801,86.99597976541664,100.0,2955.424850252817
2024-05-27 10:00:00+05:30,37.68365485912813,43.245000000000005,1528.4814939632258,1460.734050751725,87.1907691185891,100.0,3176.406313833539
2024-05-27 11:00:00+05:30,39.12560877162803,44.27,1614.9270867044945,1395.2710999530293,80.65376567841568,100.0,3190.8519523359396
2024-05-27 12:00:00+05:30,40.53658928148856,44.995,1629.4932564367857,1255.5115276058798,69.89896324482231,100.0,3054.903747287488
2024-05-27 13:00:00+05:30,41.87306112161112,45.47,1598.9234927395858,1082.5917551702003,56.392807735380806,100.0,2837.9080556451668
2024-05-27 14:00:00+05:30,43.08842048435391,45.574999999999996,1484.08454197197,821.965570962815,38.98459364629937,100.0,2445.0347065810847
2024-05-27 15:00:00+05:30,44.08224751276396,45.305,1258.6284385330487,446.5551436486283,19.170313494886596,100.0,1824.3538956765635
2024-05-27 16:00:00+05:30,44.75697917214206,44.699999999999996,898.6143446493492,-34.651943788241816,-0.8933194608432465,100.0,963.069081400264
2024-05-27 17:00:00+05:30,45.00450493222315,43.629999999999995,448.2999916818689,-557.8204522443604,-21.549488327394624,100.0,-31.06994888988614
2024-05-27 18:00:00+05:30,44.8218616840872,41.910000000000004,109.6979507924032,-984.5632039301358,-45.65216748311923,100.0,-820.5174206208518
2024-05-27 19:00:00+05:30,44.36003770720517,39.915,0.0,-1220.9603789239766,-69.68930117356268,100.0,-1190.6496800975394
2024-05-27 20:00:00+05:30,43.80021495070678,38.309999999999995,0.0,-1316.2333685848491,-86.07558999718096,100.0,-1302.30895858203
2024-05-27 21:00:00+05:30,43.20421822632641,37.169999999999995,0.0,-1353.8409069446225,-94.60447335234544,100.0,-1348.4453802969679
2024-05-27 22:00:00+05:30,42.595187683381596,36.24,0.0,-1365.9065360629345,-99.6366325000567,100.0,-1365.5431685629912
2024-05-27 23:00:00+05:30,41.98008170037296,35.365,0.0,-1370.8792093238826,-103.71125089844735,100.0,-1374.59046022233
2024-05-28 00:00:00+05:30,41.36231082963329,34.55,0.0,-1368.714698514281,-106.80340918699069,100.0,-1375.518107701272
2024-05-28 01:00:00+05:30,40.74564038085324,33.79,0.0,-1360.5447586440812,-109.05052989101715,100.0,-1369.5952885350982
2024-05-28 02:00:00+05:30,40.13253583195921,33.074999999999996,0.0,-1347.8652599647928,-110.64804677345643,100.0,-1358.5133067382492
2024-05-28 03:00:00+05:30,39.525286704904836,32.395,0.0,-1332.1454059895261,-111.78863495949805,100.0,-1343.9340409490242
2024-05-28 04:00:00+05:30,38.92499475388945,31.75,0.0,-1313.5521713913279,-112.48956775147873,100.0,-1326.0417391428066
2024-05-28 05:00:00+05:30,38.35567147793465,32.085,100.99516438894112,-1114.2558962089945,-98.31158743105948,100.0,-1011.5723192511128
2024-05-28 06:00:00+05:30,38.044256993417285,34.1,474.08921855691034,-504.61842116065867,-61.83806114279622,100.0,7.632736253455467
2024-05-28 07:00:00+05:30,38.297637679918175,37.61,905.1997969084532,246.230544867443,-10.780783545757119,100.0,1240.649558230139
2024-05-28 08:00:00+05:30,39.03915588926674,41.505,1197.2807044242436,821.3357871842824,38.65950396807606,100.0,2157.275995576602
2024-05-28 09:00:00+05:30,40.13695307392247,44.185,1414.4543459348297,1140.535903464696,63.46527970704349,100.0,2718.455529106569
2024-05-28 10:00:00+05:30,41.41230048462247,45.665,1564.6150069651685,1218.345824188835,66.67382300208885,100.0,2949.6346541560924
2024-05-28 11:00:00+05:30,42.75090244827754,46.635,1643.1387911269906,1153.5016756946045,60.89488141590463,100.0,2957.5353482375
2024-05-28 12:00:00+05:30,44.05604299810576,47.29999999999999,1647.776404872785,1013.6897851117245,50.85875787569797,100.0,2812.324947860207
2024-05-28 13:00:00+05:30,45.28110060059759,47.63999999999999,1610.1329144585031,836.3268311027188,36.98282478383094,100.0,2583.442570345053
2024-05-28 14:00:00+05:30,46.379703480766814,47.645,1486.6471732065827,564.0892044305301,19.837318828537864,100.0,2170.5736964656508
2024-05-28 15:00:00+05:30,47.24864397822004,47.31,1269.078936796096,202.03684156400826,0.9619397094663014,100.0,1572.0777180695707
2024-05-28 16:00:00+05:30,47.819893894224094,46.615,917.402468775466,-264.4863671024896,-18.890326473645285,100.0,734.0257751993312
2024-05-28 17:00:00+05:30,47.959584929712264,45.300000000000004,459.78848551437676,-808.8403562595862,-41.696972528028795,100.0,-290.74884327323826
2024-05-28 18:00:00+05:30,47.65655190403542,43.535,114.97745832703426,-1227.789800418459,-64.61769075146728,100.0,-1077.430032842892
2024-05-28 19:00:00+05:30,47.0856959740568,41.660000000000004,0.0,-1438.2162191808056,-85.0640614812625,100.0,-1423.2802806620682
2024-05-28 20:00:00+05:30,46.422338043711854,39.915,0.0,-1533.5091530778673,-102.02204584931451,100.0,-1535.531198927182
2024-05-28 21:00:00+05:30,45.72087475844878,38.665,0.0,-1567.4772717221406,-110.62200446296002,100.0,-1578.0992761851005
2024-05-28 22:00:00+05:30,45.01220717576327,37.78,0.0,-1559.392578317945,-113.3865441016166,100.0,-1572.7791224195619
2024-05-28 23:00:00+05:30,44.3096637375621,37.045,0.0,-1535.4027425539982,-113.89539807749856,100.0,-1549.2981406314968
2024-05-29 00:00:00+05:30,43.6194906257893,36.345,0.0,-1509.3599078974466,-114.0494640311246,100.0,-1523.4093719285713
2024-05-29 01:00:00+05:30,42.9382650747174,35.49,0.0,-1502.0674940918134,-116.77389984141938,100.0,-1518.841393933233
2024-05-29 02:00:00+05:30,42.254145591356746,34.49,0.0,-1510.608663259001,-121.72627458129114,100.0,-1532.334937840292
2024-05-29 03:00:00+05:30,41.56383314879149,33.51499999999999,0.0,-1515.405721677734,-126.18960610675299,100.0,-1541.5953277844867
2024-05-29 04:00:00+05:30,40.870751271399364,32.54,0.0,-1519.7830626358655,-130.60951843299927,100.0,-1550.3925810688645
2024-05-29 05:00:00+05:30,40.24692688617342,32.435,447.43049672577985,-997.9241848204183,-122.47538972142682,100.0,-572.9690778160652
2024-05-29 06:00:00+05:30,40.28027119131445,34.335,860.6456498612065,-409.22338552350607,-93.20996173742795,100.0,458.21230260027255
2024-05-29 07:00:00+05:30,40.54427845551701,37.675000000000004,961.0881210842817,-23.777814822290537,-44.98454762559561,100.0,992.3257586363956
2024-05-29 08:00:00+05:30,41.15730589606181,41.745,1233.5156829880814,569.9565005020728,9.21386816154308,100.0,1912.6860516516972
2024-05-29 09:00:00+05:30,42.169071520461536,45.105,1442.869496904769,968.6221461387723,46.02948670220405,100.0,2557.5211297457454
2024-05-29 10:00:00+05:30,43.373700675542786,46.89000000000001,1570.3211995537765,1066.6983214051872,55.12854080884012,100.0,2792.148061767804
2024-05-29 11:00:00+05:30,44.641534958172194,48.01,1636.2170164816537,1016.4431534320935,52.81079492577629,100.0,2805.4709648395233
2024-05-29 12:00:00+05:30,45.880261059387614,48.73,1635.4119267731419,883.0855096498717,44.67820711092093,100.0,2663.1756435339344
2024-05-29 13:00:00+05:30,47.035932039428154,49.01499999999999,1591.338049275693,692.1932742243451,31.027827485845375,100.0,2414.5591509858837
2024-05-29 14:00:00+05:30,48.05244956830456,48.845,1455.3705961767594,395.3293317015393,12.425605668121015,100.0,1963.1255335464195
2024-05-29 15:00:00+05:30,48.819256867815845,48.23499999999999,1217.1559428455455,4.891801884971717,-9.159979173616811,100.0,1312.8877655569004
2024-05-29 16:00:00+05:30,49.2645085626387,47.26500000000001,843.1871764967321,-481.6550160519358,-31.348295245049616,100.0,430.1838651997468
2024-05-29 17:00:00+05:30,49.26669248772035,45.78,397.6832219111375,-1004.3832873089018,-54.664364822479605,100.0,-561.3644302202439
2024-05-29 18:00:00+05:30,48.85318083543541,43.29,95.33011337916237,-1451.5372276907262,-87.21954913795638,100.0,-1343.42666344952
2024-05-29 19:00:00+05:30,48.15682319699235,41.309999999999995,0.0,-1639.8269156504782,-107.34449408244608,100.0,-1647.171409732924
2024-05-29 20:00:00+05:30,47.419724634471926,40.375,0.0,-1633.0445011405848,-110.44719281925087,100.0,-1643.4916939598359
2024-05-29 21:00:00+05:30,46.6795779729259,39.29,0.0,-1642.6334143565364,-115.8538034595323,100.0,-1658.4872178160686
2024-05-29 22:00:00+05:30,45.93321311578135,38.339999999999996,0.0,-1636.1299885047436,-119.04639522922004,100.0,-1655.1763837339633
2024-05-29 23:00:00+05:30,45.1956214923566,37.660000000000004,0.0,-1600.6562767913128,-118.14347375716682,100.0,-1618.7997505484798
2024-05-30 00:00:00+05:30,44.478563608723896,37.18,0.0,-1545.8501543311042,-114.4268802575732,100.0,-1560.2770345886775
2024-05-30 01:00:00+05:30,43.791675560721295,36.9,0.0,-1473.1720048948537,-108.04768944098846,100.0,-1481.2196943358422
2024-05-30 02:00:00+05:30,43.142272228576566,36.65,0.0,-1402.8081387121101,-101.78584399962335,100.0,-1404.5939827117334
2024-05-30 03:00:00+05:30,42.52234412137879,36.199999999999996,0.0,-1359.3557154613172,-99.12171113497658,100.0,-1358.477426596294
2024-05-30 04:00:00+05:30,41.91655518852933,35.51,0.0,-1344.9793775002768,-100.44197224576284,100.0,-1345.4213497460396
2024-05-30 05:00:00+05:30,41.36293895153028,35.52,292.1199217724225,-976.294170928568,-91.60559688209175,100.0,-675.7798460382372
2024-05-30 06:00:00+05:30,41.26069493987641,37.085,578.6336335177028,-543.3688296720844,-65.4665452673824,100.0,69.79825857823589
2024-05-30 07:00:00+05:30,41.36435949755881,40.089999999999996,763.7667149141311,-102.18757754708342,-19.979408202727043,100.0,741.5997291643206
2024-05-30 08:00:00+05:30,41.89335494582286,43.10999999999999,1112.5439801778127,460.40638484597827,19.07456115938928,100.0,1692.0249261831802
2024-05-30 09:00:00+05:30,42.78290931610538,45.120000000000005,1365.5823156242625,776.7787406236757,36.64090774209989,100.0,2279.0019639900383
2024-05-30 10:00:00+05:30,43.871082775509485,46.585,1520.4403945845268,890.3392016219864,42.54879424556233,100.0,2553.3283904520754
2024-05-30 11:00:00+05:30,45.0387054524849,47.69,1601.6447352666594,873.7584338965531,41.566995915941725,100.0,2616.9701650791544
2024-05-30 12:00:00+05:30,46.20502738240464,48.419999999999995,1620.3595686659555,778.2793791230619,34.7263406986602,100.0,2533.3652884876774
2024-05-30 13:00:00+05:30,47.31079227312073,48.72,1588.8481488306397,616.0270324322105,22.09355874201329,100.0,2326.968740004864
2024-05-30 14:00:00+05:30,48.29384650691893,48.63,1455.6422799930526,337.47688175851596,5.270214464525043,100.0,1898.389376216094
2024-05-30 15:00:00+05:30,49.027595539362785,48.16,1173.6551319383739,-77.58228320367697,-13.602162866129746,100.0,1182.4706858685672
2024-05-30 16:00:00+05:30,49.39707397371066,47.31,768.5776526322911,-563.9992749486249,-32.72114575983577,100.0,271.8572319238305
2024-05-30 17:00:00+05:30,49.34417325152049,45.935,360.97015598190984,-1028.2672696642028,-53.44901823733815,100.0,-620.746131919631
2024-05-30 18:00:00+05:30,48.92158887562175,43.44,90.38961475705777,-1448.8078985843706,-85.94035039199792,100.0,-1344.358634219311
2024-05-30 19:00:00+05:30,48.223219986397915,41.23,0.0,-1658.8673276589072,-109.63970294674657,100.0,-1668.5070306056539
2024-05-30 20:00:00+05:30,47.471595949824746,40.214999999999996,0.0,-1658.8612752526185,-113.76891130135239,100.0,-1672.6301865539708
2024-05-30 21:00:00+05:30,46.722821152341425,39.32,0.0,-1645.8204127495858,-116.0614300264088,100.0,-1661.8818427759945
2024-05-30 22:00:00+05:30,45.978297242525436,38.395,0.0,-1636.790442569788,-118.89093416831388,100.0,-1655.6813767381018
2024-05-30 23:00:00+05:30,45.23567600753009,37.46,0.0,-1629.1710478773593,-121.90704844605675,100.0,-1651.0780963234158
2024-05-31 00:00:00+05:30,44.49614477413977,36.595,0.0,-1614.164424054039,-123.8741477689634,100.0,-1638.0385718230027
2024-05-31 01:00:00+05:30,43.76573305028982,35.93,0.0,-1578.0955232709941,-122.84862276244387,100.0,-1600.944146033438
2024-05-31 02:00:00+05:30,43.059237928906974,35.655,0.0,-1501.884744551552,-116.08364224940344,100.0,-1517.9683868009558
2024-05-31 03:00:00+05:30,42.39704043265061,35.52,0.0,-1416.6763654763988,-107.81823990309634,100.0,-1424.494605379495
2024-05-31 04:00:00+05:30,41.7707167369296,35.19,0.0,-1358.788046415699,-103.17247700158232,100.0,-1361.9605234172814
2024-05-31 05:00:00+05:30,41.18761263452054,35.135,112.26352358478607,-1175.3314838068143,-94.8928608840131,100.0,-1057.9608211060413
2024-05-31 06:00:00+05:30,40.8126692789758,36.165,297.461156028615,-859.3560420688092,-72.86615895578264,100.0,-534.7610449959768
2024-05-31 07:00:00+05:30,40.67816860083209,38.79,485.01470732978646,-417.3230690533692,-29.602707323845504,100.0,138.08893095257176
2024-05-31 08:00:00+05:30,40.90919894173913,42.074999999999996,836.2979679030192,195.8183082329911,18.277428991413913,100.0,1150.3937051274243
2024-05-31 09:00:00+05:30,41.62416203545197,44.54,1225.3269922402917,693.161736290067,45.714507608184086,100.0,2064.2032361385427
2024-05-31 10:00:00+05:30,42.661195796107755,46.09,1472.8770448982289,936.1679957854079,53.75679230862256,100.0,2562.8018329922593
2024-05-31 11:00:00+05:30,43.85862801345662,47.135,1583.9290966491524,949.4424710436006,51.366960005027096,100.0,2684.73852769778
2024-05-31 12:00:00+05:30,45.046752938804154,47.745000000000005,1605.806903796369,841.8116501571862,42.30311742542858,100.0,2589.9216713789833
2024-05-31 13:00:00+05:30,46.186079039545014,47.96,1589.964488972683,706.9570503993453,27.811532818013273,100.0,2424.733072190041
2024-05-31 14:00:00+05:30,47.22136884670289,47.815,1486.3517519809611,457.6815874116365,9.306949221392097,100.0,2053.3402886139897
2024-05-31 15:00:00+05:30,48.03896332779622,47.35,1253.8596160356894,71.31652875756309,-10.801567053189151,100.0,1414.3745777400634
2024-05-31 16:00:00+05:30,48.52373308765089,46.53,885.404734399994,-414.40747113738195,-31.257747348190605,100.0,539.7395159144214
2024-05-31 17:00:00+05:30,48.58418165920028,45.10999999999999,449.3455536083711,-934.3066585243884,-54.46822005294203,100.0,-439.4293249689593
2024-05-31 18:00:00+05:30,48.217393884112504,42.84,115.5044194135723,-1390.4030031078046,-84.30678131511586,100.0,-1259.2053650093483
2024-05-31 19:00:00+05:30,47.557412010864276,41.365,0.0,-1542.8118680340676,-97.08463550633003,100.0,-1539.8965035403978
2024-05-31 20:00:00+05:30,46.88152749903231,41.03,0.0,-1477.97354452538,-91.7402481298286,100.0,-1469.7137926552086
2024-05-31 21:00:00+05:30,46.22988139117303,40.46,0.0,-1443.1807703529096,-90.46020045081082,100.0,-1433.6409708037202
2024-05-31 22:00:00+05:30,45.59017245368411,39.76,0.0,-1424.7859564680714,-91.4054437288595,100.0,-1416.1914001969308
2024-05-31 23:00:00+05:30,44.955744966464415,38.934999999999995,0.0,-1421.2192961307194,-94.39323958422915,100.0,-1415.6125357149485
2024-06-01 00:00:00+05:30,44.31761714168983,37.945,0.0,-1435.6084422775066,-99.90989154741327,100.0,-1435.5183338249199
2024-06-01 01:00:00+05:30,43.665824571569686,36.665,0.0,-1480.4709857492187,-109.75892763306958,100.0,-1490.229913382288
2024-06-01 02:00:00+05:30,42.98120183250407,35.055,0.0,-1557.3912141337232,-124.26699232999886,100.0,-1581.658206463722
2024-06-01 03:00:00+05:30,42.25510521718128,33.62,0.0,-1608.3871086189063,-135.38117959496816,100.0,-1643.7682882138743
2024-06-01 04:00:00+05:30,41.515805600247916,32.75,1.370848491705849,-1592.9530030389617,-137.43030020068684,100.0,-1629.0124547479427
2024-06-01 05:00:00+05:30,40.83079412491617,33.214999999999996,189.3302290719636,-1259.3146518606106,-119.40042029043569,100.0,-1089.3848430790829
2024-06-01 06:00:00+05:30,40.51075058585264,35.65,411.8832317805838,-759.6908647928402,-76.20684768499773,100.0,-324.01448069725416
2024-06-01 07:00:00+05:30,40.48130714873913,39.095,607.0044014458032,-244.20049066046772,-21.734523477932125,100.0,441.06938730740336
2024-06-01 08:00:00+05:30,40.85050801478061,41.805,909.3145116061686,237.95244467658497,14.964525344269694,100.0,1262.2314816270234
2024-06-01 09:00:00+05:30,41.521900139578484,43.455000000000005,1101.919017271078,460.01752272365275,30.30713961168857,100.0,1692.2436796064194
2024-06-01 10:00:00+05:30,42.31332187387777,44.76,1154.6078351358985,510.6826035633787,38.359019661344384,100.0,1803.6494583606218
2024-06-01 11:00:00+05:30,43.137289507476886,45.77,1257.3575269578052,572.5830149657053,41.2756351017773,100.0,1971.2161770252878
2024-06-01 12:00:00+05:30,44.07372185917461,46.455000000000005,1419.0672634184266,638.0640754810756,37.333678691860364,100.0,2194.4650175913625
2024-06-01 13:00:00+05:30,45.058202801285596,46.76500000000001,1372.3133240571085,489.27777068846194,26.759166481444456,100.0,1988.350261227015
2024-06-01 14:00:00+05:30,45.85847201465543,46.655,1205.3256939282808,226.8678372053374,12.487965754232137,100.0,1544.6814968878505
2024-06-01 15:00:00+05:30,46.485729724176075,46.19,1089.4279612841485,2.163876398768764,-4.636450615632424,100.0,1186.955387067285
2024-06-01 16:00:00+05:30,46.92802032585774,45.415,805.5203146193013,-370.6824210334624,-23.72113266879749,100.0,511.1167609170415
2024-06-01 17:00:00+05:30,46.981318377171384,44.285,385.56705284120625,-835.8915729237746,-42.27287951729292,100.0,-392.59739959986126
2024-06-01 18:00:00+05:30,46.66167718194907,42.46,95.8298139487477,-1212.1839743398466,-65.87389485859752,100.0,-1082.2280552496966
2024-06-01 19:00:00+05:30,46.09191103223267,40.660000000000004,0.0,-1399.8265132822855,-85.16150116334383,100.0,-1384.9880144456295
2024-06-01 20:00:00+05:30,45.45987992593439,39.455000000000005,0.0,-1439.2673363308986,-94.1445074787993,100.0,-1433.4118438096982
2024-06-01 21:00:00+05:30,44.8090693071162,38.27,0.0,-1473.6176220458353,-102.51952859696765,100.0,-1476.137150642803
2024-06-01 22:00:00+05:30,44.13841427195819,37.115,0.0,-1501.5937620427533,-110.11308895576046,100.0,-1511.706850998514
2024-06-01 23:00:00+05:30,43.45571039960322,36.07,0.0,-1515.3994552852766,-115.79316764497935,100.0,-1531.1926229302562
2024-06-02 00:00:00+05:30,42.76584734714547,35.089999999999996,0.0,-1520.8257295917158,-120.34193470854667,100.0,-1541.1676643002622
2024-06-02 01:00:00+05:30,42.07352628962196,34.19,0.0,-1516.9017365852112,-123.59792516869311,100.0,-1540.4996617539043
2024-06-02 02:00:00+05:30,41.383473473345255,33.38,0.0,-1503.2215367848312,-125.47845711510696,100.0,-1528.699993899938
2024-06-02 03:00:00+05:30,40.70114597119882,32.695,0.0,-1476.6844037276308,-125.52035653645511,100.0,-1502.204760264086
2024-06-02 04:00:00+05:30,40.033447397702105,32.115,0.0,-1440.581041184585,-124.14541830117365,100.0,-1464.7264594857586
2024-06-02 05:00:00+05:30,39.43096397057901,32.419999999999995,270.3498640158799,-1053.457565774803,-109.91789313073764,100.0,-793.0255948896607
2024-06-02 06:00:00+05:30,39.26972783734559,34.035000000000004,533.0774382100346,-630.7171768782779,-82.07006303390419,100.0,-79.70980170214749
2024-06-02 07:00:00+05:30,39.306350600628924,37.025,735.542859007588,-164.32209855810987,-35.76701471666036,100.0,635.4537457328179
2024-06-02 08:00:00+05:30,39.80314342907577,40.184999999999995,1095.0190468071712,424.63193183361653,5.9867473189501,100.0,1625.6377259597377
2024-06-02 09:00:00+05:30,40.65836239599872,42.214999999999996,1340.6762805642923,732.4477313064809,24.404964355532048,100.0,2197.5289762263055
2024-06-02 10:00:00+05:30,41.711041012536015,43.675000000000004,1498.9468838428702,856.335544346537,30.79094900546039,100.0,2486.0733771948676
2024-06-02 11:00:00+05:30,42.85230731515577,44.725,1584.1070337558822,846.4604067318401,29.36007591298781,100.0,2559.92751640071
2024-06-02 12:00:00+05:30,43.99277250481407,45.35,1607.9739280649173,753.6420864750867,21.27861266952498,100.0,2482.894627209529
2024-06-02 13:00:00+05:30,45.07812873635328,45.645,1575.8076569157822,593.2792793326371,8.887407671453296,100.0,2277.9743439198724
2024-06-02 14:00:00+05:30,46.04055167516955,45.59,1458.5708164217642,339.01215681473894,-7.063749163308309,100.0,1890.519224073195
2024-06-02 15:00:00+05:30,46.778024870279516,45.09,1152.9023348586056,-95.656728291173,-26.464853916242262,100.0,1130.7807526511904
2024-06-02 16:00:00+05:30,47.104577882035265,44.169999999999995,751.1301097004103,-585.9791711067859,-46.00831203454888,100.0,219.14262655907552
2024-06-02 17:00:00+05:30,47.05309681506961,42.875,383.5507662977017,-1006.7999907800862,-65.50420186666136,100.0,-588.753426349046
2024-06-02 18:00:00+05:30,46.646885941820805,40.785000000000004,98.21857236856414,-1396.1118608873787,-91.90264779586653,100.0,-1289.7959363146813
2024-06-02 19:00:00+05:30,45.97849461048805,38.815000000000005,0.0,-1589.687176773189,-112.3092685032317,100.0,-1601.9964452764207
2024-06-02 20:00:00+05:30,45.254836325749785,37.830000000000005,0.0,-1590.552775582809,-116.40658391510512,100.0,-1606.9593594979142
2024-06-02 21:00:00+05:30,44.53973758345048,37.25,0.0,-1547.265752933771,-114.2885058333366,100.0,-1561.5542587671073
2024-06-02 22:00:00+05:30,43.85078087185039,36.87,0.0,-1485.4962754910746,-109.44468250887034,100.0,-1494.9409579999449
2024-06-02 23:00:00+05:30,43.35279847520187,36.7,0.0,-1429.1030295447792,-104.302574494215,100.0,-1433.4056040389942
